sample	toxin	family	in_assembly_pct	in_reads_breadth_pct	in_reads_meanDepth	call
S01	S01_RHS	RHS	99.7	100	539.832	present_both
S01	S02_LeucineRich	LEUCINERICH	0.0	0	0	absent
S01	S03_CdtB	CDTB	0.0	0	0	absent
S01	S04_CdtB	CDTB	0.0	0	0	absent
S01	S05_RHS	RHS	86.6	0	0	assembly_only
S01	S06_RHS	RHS	99.7	100	537.817	present_both
S01	S07_cdtB	CDTB	0.0	0	0	absent
S01	S08_MAC	MAC	0.0	0	0	absent
S01	S09_Shiga	SHIGA	0.0	0	0	absent
S01	S10_MAC	MAC	0.0	0	0	absent
S01	S11_RHS	RHS	62.7	0	0	absent
S01	S12_CdtB	CDTB	0.0	0	0	absent
S01	S13_CdtB	CDTB	0.0	0	0	absent
S01	S14_MAC_FirstPart	MAC	0.0	0	0	absent
S01	S14_MAC_SecondPart	MAC	0.0	0	0	absent
S02	S01_RHS	RHS	0.0	0	0	absent
S02	S02_LeucineRich	LEUCINERICH	99.7	100	150.035	present_both
S02	S03_CdtB	CDTB	0.0	0	0	absent
S02	S04_CdtB	CDTB	0.0	0	0	absent
S02	S05_RHS	RHS	0.0	0	0	absent
S02	S06_RHS	RHS	0.0	0	0	absent
S02	S07_cdtB	CDTB	0.0	0	0	absent
S02	S08_MAC	MAC	0.0	0	0	absent
S02	S09_Shiga	SHIGA	0.0	0	0	absent
S02	S10_MAC	MAC	0.0	0	0	absent
S02	S11_RHS	RHS	0.0	0	0	absent
S02	S12_CdtB	CDTB	0.0	0	0	absent
S02	S13_CdtB	CDTB	0.0	0	0	absent
S02	S14_MAC_FirstPart	MAC	0.0	0	0	absent
S02	S14_MAC_SecondPart	MAC	0.0	0	0	absent
S03	S01_RHS	RHS	0.0	0	0	absent
S03	S02_LeucineRich	LEUCINERICH	0.0	0	0	absent
S03	S03_CdtB	CDTB	98.6	100	121.701	present_both
S03	S04_CdtB	CDTB	98.6	100	112.31	present_both
S03	S05_RHS	RHS	0.0	0	0	absent
S03	S06_RHS	RHS	0.0	0	0	absent
S03	S07_cdtB	CDTB	0.0	0	0	absent
S03	S08_MAC	MAC	0.0	0	0	absent
S03	S09_Shiga	SHIGA	0.0	0	0	absent
S03	S10_MAC	MAC	0.0	0	0	absent
S03	S11_RHS	RHS	0.0	0	0	absent
S03	S12_CdtB	CDTB	0.0	0	0	absent
S03	S13_CdtB	CDTB	98.6	100	121.227	present_both
S03	S14_MAC_FirstPart	MAC	0.0	0	0	absent
S03	S14_MAC_SecondPart	MAC	0.0	0	0	absent
S04	S01_RHS	RHS	0.0	0	0	absent
S04	S02_LeucineRich	LEUCINERICH	0.0	0	0	absent
S04	S03_CdtB	CDTB	98.6	100	686.383	present_both
S04	S04_CdtB	CDTB	98.6	100	719.906	present_both
S04	S05_RHS	RHS	0.0	0	0	absent
S04	S06_RHS	RHS	0.0	0	0	absent
S04	S07_cdtB	CDTB	0.0	0	0	absent
S04	S08_MAC	MAC	0.0	0	0	absent
S04	S09_Shiga	SHIGA	0.0	0	0	absent
S04	S10_MAC	MAC	0.0	0	0	absent
S04	S11_RHS	RHS	0.0	0	0	absent
S04	S12_CdtB	CDTB	0.0	0	0	absent
S04	S13_CdtB	CDTB	98.6	100	711.379	present_both
S04	S14_MAC_FirstPart	MAC	0.0	0	0	absent
S04	S14_MAC_SecondPart	MAC	0.0	0	0	absent
S05	S01_RHS	RHS	86.1	0	0	assembly_only
S05	S02_LeucineRich	LEUCINERICH	0.0	0	0	absent
S05	S03_CdtB	CDTB	0.0	0	0	absent
S05	S04_CdtB	CDTB	0.0	0	0	absent
S05	S05_RHS	RHS	99.8	100	864.373	present_both
S05	S06_RHS	RHS	86.1	0	0	assembly_only
S05	S07_cdtB	CDTB	99.0	100	110.153	present_both
S05	S08_MAC	MAC	0.0	0	0	absent
S05	S09_Shiga	SHIGA	0.0	0	0	absent
S05	S10_MAC	MAC	0.0	0	0	absent
S05	S11_RHS	RHS	81.8	0	0	assembly_only
S05	S12_CdtB	CDTB	99.0	81.0838	4.11452	assembly_only
S05	S13_CdtB	CDTB	0.0	0	0	absent
S05	S14_MAC_FirstPart	MAC	0.0	0	0	absent
S05	S14_MAC_SecondPart	MAC	0.0	0	0	absent
S06	S01_RHS	RHS	99.7	100	98.5932	present_both
S06	S02_LeucineRich	LEUCINERICH	0.0	0	0	absent
S06	S03_CdtB	CDTB	0.0	0	0	absent
S06	S04_CdtB	CDTB	0.0	0	0	absent
S06	S05_RHS	RHS	86.6	0	0	assembly_only
S06	S06_RHS	RHS	99.7	100	97.4875	present_both
S06	S07_cdtB	CDTB	0.0	0	0	absent
S06	S08_MAC	MAC	0.0	0	0	absent
S06	S09_Shiga	SHIGA	0.0	0	0	absent
S06	S10_MAC	MAC	0.0	0	0	absent
S06	S11_RHS	RHS	62.7	0	0	absent
S06	S12_CdtB	CDTB	0.0	0	0	absent
S06	S13_CdtB	CDTB	0.0	0	0	absent
S06	S14_MAC_FirstPart	MAC	0.0	0	0	absent
S06	S14_MAC_SecondPart	MAC	0.0	0	0	absent
S07	S01_RHS	RHS	86.1	0	0	assembly_only
S07	S02_LeucineRich	LEUCINERICH	0.0	0	0	absent
S07	S03_CdtB	CDTB	0.0	0	0	absent
S07	S04_CdtB	CDTB	0.0	0	0	absent
S07	S05_RHS	RHS	99.8	100	1887.88	present_both
S07	S06_RHS	RHS	86.1	0	0	assembly_only
S07	S07_cdtB	CDTB	99.0	100	1087.44	present_both
S07	S08_MAC	MAC	0.0	0	0	absent
S07	S09_Shiga	SHIGA	0.0	0	0	absent
S07	S10_MAC	MAC	0.0	0	0	absent
S07	S11_RHS	RHS	81.8	0	0	assembly_only
S07	S12_CdtB	CDTB	99.0	86.0941	24.8037	present_both
S07	S13_CdtB	CDTB	0.0	0	0	absent
S07	S14_MAC_FirstPart	MAC	0.0	0	0	absent
S07	S14_MAC_SecondPart	MAC	0.0	0	0	absent
S08	S01_RHS	RHS	0.0	0	0	absent
S08	S02_LeucineRich	LEUCINERICH	0.0	0	0	absent
S08	S03_CdtB	CDTB	0.0	0	0	absent
S08	S04_CdtB	CDTB	0.0	0	0	absent
S08	S05_RHS	RHS	0.0	0	0	absent
S08	S06_RHS	RHS	0.0	0	0	absent
S08	S07_cdtB	CDTB	0.0	0	0	absent
S08	S08_MAC	MAC	99.1	100	167.065	present_both
S08	S09_Shiga	SHIGA	0.0	0	0	absent
S08	S10_MAC	MAC	98.0	85.8238	5.10115	assembly_only
S08	S11_RHS	RHS	0.0	0	0	absent
S08	S12_CdtB	CDTB	0.0	0	0	absent
S08	S13_CdtB	CDTB	0.0	0	0	absent
S08	S14_MAC_FirstPart	MAC	97.5	0	0	assembly_only
S08	S14_MAC_SecondPart	MAC	96.1	0	0	assembly_only
S09	S01_RHS	RHS	0.0	0	0	absent
S09	S02_LeucineRich	LEUCINERICH	0.0	0	0	absent
S09	S03_CdtB	CDTB	0.0	0	0	absent
S09	S04_CdtB	CDTB	0.0	0	0	absent
S09	S05_RHS	RHS	0.0	0	0	absent
S09	S06_RHS	RHS	0.0	0	0	absent
S09	S07_cdtB	CDTB	0.0	0	0	absent
S09	S08_MAC	MAC	0.0	0	0	absent
S09	S09_Shiga	SHIGA	99.2	100	156.588	present_both
S09	S10_MAC	MAC	0.0	0	0	absent
S09	S11_RHS	RHS	0.0	0	0	absent
S09	S12_CdtB	CDTB	0.0	0	0	absent
S09	S13_CdtB	CDTB	0.0	0	0	absent
S09	S14_MAC_FirstPart	MAC	0.0	0	0	absent
S09	S14_MAC_SecondPart	MAC	0.0	0	0	absent
S10	S01_RHS	RHS	0.0	0	0	absent
S10	S02_LeucineRich	LEUCINERICH	0.0	0	0	absent
S10	S03_CdtB	CDTB	0.0	0	0	absent
S10	S04_CdtB	CDTB	0.0	0	0	absent
S10	S05_RHS	RHS	0.0	0	0	absent
S10	S06_RHS	RHS	0.0	0	0	absent
S10	S07_cdtB	CDTB	0.0	0	0	absent
S10	S08_MAC	MAC	92.3	36.5079	0.365079	assembly_only
S10	S09_Shiga	SHIGA	0.0	0	0	absent
S10	S10_MAC	MAC	99.1	100	13.1019	present_both
S10	S11_RHS	RHS	0.0	0	0	absent
S10	S12_CdtB	CDTB	0.0	0	0	absent
S10	S13_CdtB	CDTB	0.0	0	0	absent
S10	S14_MAC_FirstPart	MAC	97.5	0	0	assembly_only
S10	S14_MAC_SecondPart	MAC	97.9	81.1024	0.811024	assembly_only
S11	S01_RHS	RHS	62.2	0	0	absent
S11	S02_LeucineRich	LEUCINERICH	0.0	0	0	absent
S11	S03_CdtB	CDTB	0.0	0	0	absent
S11	S04_CdtB	CDTB	0.0	0	0	absent
S11	S05_RHS	RHS	81.6	0	0	assembly_only
S11	S06_RHS	RHS	62.2	0	0	absent
S11	S07_cdtB	CDTB	0.0	0	0	absent
S11	S08_MAC	MAC	0.0	0	0	absent
S11	S09_Shiga	SHIGA	0.0	0	0	absent
S11	S10_MAC	MAC	0.0	0	0	absent
S11	S11_RHS	RHS	99.9	100	51.5123	present_both
S11	S12_CdtB	CDTB	0.0	0	0	absent
S11	S13_CdtB	CDTB	0.0	0	0	absent
S11	S14_MAC_FirstPart	MAC	0.0	0	0	absent
S11	S14_MAC_SecondPart	MAC	0.0	0	0	absent
S12	S01_RHS	RHS	0.0	0	0	absent
S12	S02_LeucineRich	LEUCINERICH	0.0	0	0	absent
S12	S03_CdtB	CDTB	0.0	0	0	absent
S12	S04_CdtB	CDTB	0.0	0	0	absent
S12	S05_RHS	RHS	0.0	0	0	absent
S12	S06_RHS	RHS	0.0	0	0	absent
S12	S07_cdtB	CDTB	99.0	82.9243	28.6472	present_both
S12	S08_MAC	MAC	0.0	0	0	absent
S12	S09_Shiga	SHIGA	0.0	0	0	absent
S12	S10_MAC	MAC	0.0	0	0	absent
S12	S11_RHS	RHS	0.0	0	0	absent
S12	S12_CdtB	CDTB	99.0	100	1645.57	present_both
S12	S13_CdtB	CDTB	0.0	0	0	absent
S12	S14_MAC_FirstPart	MAC	0.0	0	0	absent
S12	S14_MAC_SecondPart	MAC	0.0	0	0	absent
S13	S01_RHS	RHS	0.0	0	0	absent
S13	S02_LeucineRich	LEUCINERICH	0.0	0	0	absent
S13	S03_CdtB	CDTB	98.6	100	473.437	present_both
S13	S04_CdtB	CDTB	98.6	100	458.85	present_both
S13	S05_RHS	RHS	0.0	0	0	absent
S13	S06_RHS	RHS	0.0	0	0	absent
S13	S07_cdtB	CDTB	0.0	0	0	absent
S13	S08_MAC	MAC	0.0	0	0	absent
S13	S09_Shiga	SHIGA	0.0	0	0	absent
S13	S10_MAC	MAC	0.0	0	0	absent
S13	S11_RHS	RHS	0.0	0	0	absent
S13	S12_CdtB	CDTB	0.0	0	0	absent
S13	S13_CdtB	CDTB	98.6	100	430.01	present_both
S13	S14_MAC_FirstPart	MAC	0.0	0	0	absent
S13	S14_MAC_SecondPart	MAC	0.0	0	0	absent
S14	S01_RHS	RHS	0.0	0	0	absent
S14	S02_LeucineRich	LEUCINERICH	0.0	0	0	absent
S14	S03_CdtB	CDTB	0.0	0	0	absent
S14	S04_CdtB	CDTB	0.0	0	0	absent
S14	S05_RHS	RHS	0.0	0	0	absent
S14	S06_RHS	RHS	0.0	0	0	absent
S14	S07_cdtB	CDTB	0.0	0	0	absent
S14	S08_MAC	MAC	92.4	0	0	assembly_only
S14	S09_Shiga	SHIGA	0.0	0	0	absent
S14	S10_MAC	MAC	99.2	100	1.90268	assembly_only
S14	S11_RHS	RHS	0.0	0	0	absent
S14	S12_CdtB	CDTB	0.0	0	0	absent
S14	S13_CdtB	CDTB	0.0	0	0	absent
S14	S14_MAC_FirstPart	MAC	97.5	0	0	assembly_only
S14	S14_MAC_SecondPart	MAC	98.6	35.5643	0.355643	assembly_only
